chave;valor;porcentagem
Empate;37.0;3.6999999999999997
Agente 1;272.0;27.200000000000003
Agente 2;239.0;23.9
Agente 3;186.0;18.6
Agente 4;266.0;26.6
