chave;valor;porcentagem
Empate;52.0;5.2
Agente 1;211.0;21.099999999999998
Agente 2;230.0;23.0
Agente 3;308.0;30.8
Agente 4;199.0;19.900000000000002
