chave;valor;porcentagem
Empate;396.0;3.9600000000000004
Agente 1;5009.0;50.09
Agente 2;3734.0;37.34
Agente 3;483.0;4.83
Agente 4;378.0;3.7800000000000002
