chave;valor;porcentagem
Empate;343.0;3.4299999999999997
Agente 1;205.0;2.0500000000000003
Agente 2;2280.0;22.8
Agente 3;3091.0;30.91
Agente 4;4081.0;40.81
