chave;valor;porcentagem
Empate;39.0;3.9
Agente 1;357.0;35.699999999999996
Agente 2;145.0;14.499999999999998
Agente 3;278.0;27.800000000000004
Agente 4;181.0;18.099999999999998
