chave;valor;porcentagem
Empate;323.0;3.2300000000000004
Agente 1;296.0;2.96
Agente 2;3583.0;35.83
Agente 3;2656.0;26.56
Agente 4;3142.0;31.419999999999998
