chave;valor;porcentagem
Empate;136.0;13.600000000000001
Agente 1;154.0;15.4
Agente 2;300.0;30.0
Agente 3;229.0;22.900000000000002
Agente 4;181.0;18.099999999999998
