chave;valor;porcentagem
Empate;56.0;5.6000000000000005
Agente 1;148.0;14.799999999999999
Agente 2;181.0;18.099999999999998
Agente 3;303.0;30.3
Agente 4;312.0;31.2
