chave;valor;porcentagem
Empate;8.0;0.8
Agente 1;316.0;31.6
Agente 2;306.0;30.599999999999998
Agente 3;37.0;3.6999999999999997
Agente 4;333.0;33.300000000000004
