chave;valor;porcentagem
Empate;78.0;7.8
Agente 1;176.0;17.599999999999998
Agente 2;285.0;28.499999999999996
Agente 3;228.0;22.8
Agente 4;233.0;23.3
