chave;valor;porcentagem
Empate;41.0;4.1000000000000005
Agente 1;120.0;12.0
Agente 2;343.0;34.300000000000004
Agente 3;385.0;38.5
Agente 4;111.0;11.1
