chave;valor;porcentagem
Empate;33.0;3.3000000000000003
Agente 1;293.0;29.299999999999997
Agente 2;161.0;16.1
Agente 3;282.0;28.199999999999996
Agente 4;231.0;23.1
