chave;valor;porcentagem
Empate;396.0;3.9600000000000004
Agente 1;479.0;4.79
Agente 2;3733.0;37.330000000000005
Agente 3;2395.0;23.95
Agente 4;2997.0;29.970000000000002
