chave;valor;porcentagem
Empate;395.0;3.95
Agente 1;3484.0;34.839999999999996
Agente 2;2618.0;26.179999999999996
Agente 3;1820.0;18.2
Agente 4;1683.0;16.830000000000002
