chave;valor;porcentagem
Empate;112.0;11.200000000000001
Agente 1;313.0;31.3
Agente 2;260.0;26.0
Agente 3;137.0;13.700000000000001
Agente 4;178.0;17.8
