chave;valor;porcentagem
Empate;97.0;9.700000000000001
Agente 1;269.0;26.900000000000002
Agente 2;250.0;25.0
Agente 3;199.0;19.900000000000002
Agente 4;185.0;18.5
