chave;valor;porcentagem
Empate;460.0;4.6
Agente 1;3381.0;33.81
Agente 2;3927.0;39.269999999999996
Agente 3;1430.0;14.299999999999999
Agente 4;802.0;8.02
