chave;valor;porcentagem
Empate;578.0;5.779999999999999
Agente 1;2347.0;23.47
Agente 2;5422.0;54.22
Agente 3;1313.0;13.13
Agente 4;340.0;3.4000000000000004
