chave;valor;porcentagem
Empate;22.0;2.1999999999999997
Agente 1;233.0;23.3
Agente 2;264.0;26.400000000000002
Agente 3;174.0;17.4
Agente 4;307.0;30.7
