chave;valor;porcentagem
Empate;544.0;5.4399999999999995
Agente 1;3074.0;30.740000000000002
Agente 2;2779.0;27.79
Agente 3;2472.0;24.72
Agente 4;1131.0;11.31
