chave;valor;porcentagem
Empate;331.0;3.3099999999999996
Agente 1;5670.0;56.699999999999996
Agente 2;3999.0;39.989999999999995
Agente 3;0.0;0.0
Agente 4;0.0;0.0
